id,status,added_files,total_changes,deleted_files,modified_files,build_correction_intervals,total_builds,success_builds,failed_builds,ci_latency,time_between_first_and_last_comment,reviews_number,first_response_time,total_jobs,success_jobs,failed_jobs,mention_number,review_time,participants_number,source_code_added_lines,source_code_removed_lines,test_code_added_lines,test_code_removed_lines,total_comments,general_comments,inline_comments,effective_comments,average_time_between_comments,tests_run,tests_fail,tests_error,skipped_tests,self_merged_commits
5904,merged,0,5,0,5,0.0,5,0,5,977103735,5.992310449541053e+307,0,5.992310449541053e+307,20,4,6,0,1202887785,1,101,32,0,0,0,0,0,0,0.0,0,0,0,0,0
5123,merged,0,6,0,6,0.0,6,6,0,531872275,5.992310449541053e+307,0,5.992310449541053e+307,24,24,0,0,693602333,1,76,3,0,0,0,0,0,0,0.0,0,0,0,0,0
5350,merged,0,7,0,7,341210.2355,13,2,11,3622349963,5.992310449541053e+307,0,5.992310449541053e+307,52,52,0,0,3786201781,0,55,22,0,0,0,0,0,0,0.0,0,0,0,0,0
5230,merged,0,3,0,3,0.0,6,6,0,611469132,5.992310449541053e+307,0,5.992310449541053e+307,24,24,0,0,4040671594,0,40,1,0,0,0,0,0,0,0.0,0,0,0,0,0
5118,merged,0,3,0,3,20641595,4,2,2,1219918519,5.992310449541053e+307,0,5.992310449541053e+307,16,16,0,0,1361379447,1,50,4,0,0,0,0,0,0,0.0,0,0,0,0,0
6028,merged,2,15,0,13,0.0,4,0,4,1219022687,5.992310449541053e+307,0,5.992310449541053e+307,16,13,1,0,1299141897,1,632,9,0,0,0,0,0,0,0.0,0,0,0,0,1
5779,merged,0,8,0,8,0.0,5,0,5,1901229184,1447069679,1,1447069679,20,5,5,0,1963879.16,1,78,37,0,0,1,0,1,1,0.0,0,0,0,0,0
5915,merged,0,1,0,1,0.0,4,0,4,619175611,617405281,0,617405281,16,4,4,0,1043181.08,1,226,184,0,0,1,1,0,0,0.0,0,0,0,0,0
5802,merged,0,2,0,2,0.0,3,0,3,1995682.49,844176783,0,844176783,12,3,3,0,3713315042,2,99,76,0,0,1,1,0,0,0.0,0,0,0,0,0
5778,merged,0,4,0,4,0.0,3,0,3,2504634046,5.992310449541053e+307,0,5.992310449541053e+307,12,3,3,0,4401625853,1,72,59,0,0,0,0,0,0,0.0,0,0,0,0,0
5878,merged,0,3,0,3,0.0,3,0,3,248714835,5.992310449541053e+307,0,5.992310449541053e+307,12,3,3,0,5541820293,1,4,8,0,0,0,0,0,0,0.0,0,0,0,0,3
6003,merged,0,3,0,3,0.0,3,0,3,4420549,5.992310449541053e+307,0,5.992310449541053e+307,12,3,3,0,1197861487,0,289,219,0,0,0,0,0,0,0.0,0,0,0,0,0
5891,merged,0,6,0,6,0.0,2,0,2,606594996,5.992310449541053e+307,0,5.992310449541053e+307,8,2,2,0,4672613937,0,51,9,0,0,0,0,0,0,0.0,0,0,0,0,0
5738,merged,1,8,0,7,0.0,1,0,1,-6104.3,5.992310449541053e+307,0,5.992310449541053e+307,4,0,2,0,4822417185,0,122,35,0,0,0,0,0,0,0.0,0,0,0,0,0
5763,merged,0,1,0,1,0.0,2,0,2,1125509.71,2332613905,1,2332613905,8,2,2,0,2337513501,1,5,9,0,0,1,0,1,0,0.0,0,0,0,0,0
5992,merged,0,3,0,3,0.0,6,0,6,513873151,5.992310449541053e+307,0,5.992310449541053e+307,24,18,2,0,609418432,0,290,213,0,0,0,0,0,0,0.0,0,0,0,0,0
6018,merged,0,6,0,6,0.0,5,0,5,1198824915,938928493,0,938928493,20,17,1,0,1207449473,1,272,295,0,0,1,1,0,0,0.0,0,0,0,0,0
6034,merged,0,6,0,6,0.0,7,0,7,1036398422,5.992310449541053e+307,0,5.992310449541053e+307,28,25,1,0,1972235189,0,375,291,0,0,0,0,0,0,0.0,0,0,0,0,0
5621,merged,0,0,0,0,0.0,1,0,1,-39071,5.992310449541053e+307,0,5.992310449541053e+307,4,1,1,0,26848,1,0,0,0,0,0,0,0,0,0.0,0,0,0,0,2
6029,merged,56,162,48,58,0.0,1,0,1,-211998,5.992310449541053e+307,0,5.992310449541053e+307,4,4,0,0,2278056,1,1514,134,0,0,0,0,0,0,0.0,0,0,0,0,4
6044,merged,0,5,0,5,0.0,4,0,4,1126845588,777537433,0,777537433,16,13,1,0,1454628001,1,189,80,0,0,1,1,0,0,0.0,0,0,0,0,0
5930,merged,0,1,0,1,0.0,1,0,1,230761,159541157,0,159541157,4,1,1,0,161464644,2,0,0,0,0,1,1,0,0,0.0,0,0,0,0,0
5535,merged,0,8,0,8,0.0,7,0,7,1920734416,1919555197,2,1919554397,28,25,1,0,1920940578,1,29,4,0,0,2,0,2,2,0.8,0,0,0,0,0
5262,merged,1,5,0,4,0.0,4,0,4,88784072,5.992310449541053e+307,0,5.992310449541053e+307,16,16,0,0,599617386,1,245,7,0,0,0,0,0,0,0.0,0,0,0,0,0
6045,merged,0,3,0,3,0.0,5,0,5,687810319,5.992310449541053e+307,0,5.992310449541053e+307,20,20,0,0,765422784,1,24,17,0,0,0,0,0,0,0.0,0,0,0,0,1
6086,merged,0,11,0,11,0.0,5,5,0,524056045,524151166,2,260025.98,20,20,0,0,526718487,1,33,33,0,0,7,1,6,5,44020.86433333333,0,0,0,0,0
6119,merged,18,93,12,63,0.0,1,1,0,-57280917,5.992310449541053e+307,0,5.992310449541053e+307,4,4,0,0,236859,1,2157,757,0,0,0,0,0,0,0.0,0,0,0,0,23
5233,merged,2,9,0,7,0.0,4,0,4,96875555,5.992310449541053e+307,0,5.992310449541053e+307,16,14,1,0,585248428,0,878,43,0,0,0,0,0,0,0.0,0,0,0,0,0
5532,merged,7,18,0,11,0.0,1,0,1,-336591,5.992310449541053e+307,0,5.992310449541053e+307,4,4,0,0,596894.6,0,328,28,0,0,0,0,0,0,0.0,0,0,0,0,0
5064,merged,0,58,0,58,0.0,1,1,0,-452294,5.992310449541053e+307,0,5.992310449541053e+307,4,4,0,0,581108583,1,36,27,0,0,0,0,0,0,0.0,0,0,0,0,0
5644,merged,0,16,0,16,0.0,5,0,5,1131945257,1131690717,1,938926194,20,20,0,0,1535221078,1,255,331,0,0,4,2,2,2,64254.84100000001,0,0,0,0,0
6121,merged,0,9,0,9,0.0,4,4,0,1032690893,583482346,0,583482346,16,16,0,0,1122628077,1,56,15,0,0,1,1,0,0,0.0,0,0,0,0,0
6088,merged,0,22,0,22,0.0,3,3,0,526750277,5.992310449541053e+307,0,5.992310449541053e+307,12,12,0,0,527312893,1,553,537,0,0,0,0,0,0,0.0,0,0,0,0,4
6158,merged,0,1,0,1,0.0,4,4,0,5052463,5.992310449541053e+307,0,5.992310449541053e+307,16,16,0,0,5474735,1,84,80,0,0,0,0,0,0,0.0,0,0,0,0,1
5015,merged,3,70,0,67,0.0,2,2,0,183833167,5.992310449541053e+307,0,5.992310449541053e+307,8,8,0,0,597273732,1,380,26,0,0,0,0,0,0,0.0,0,0,0,0,0
6036,merged,0,1,0,1,0.0,2,0,2,957064,156935288,0,156935288,8,8,0,0,432954615,1,3,0,0,0,1,1,0,0,0.0,0,0,0,0,0
6129,merged,0,3,0,3,0.0,2,2,0,598511118,149160539,1,149160539,8,8,0,0,689853881,1,18,1,0,0,1,0,1,0,0.0,0,0,0,0,0
6100,merged,0,12,0,12,0.0,2,2,0,2673626,5.992310449541053e+307,0,5.992310449541053e+307,8,8,0,0,3355926,1,11,33,0,0,0,0,0,0,0.0,0,0,0,0,1
5266,merged,10,29,0,19,0.0,5,0,5,622384505,5.992310449541053e+307,0,5.992310449541053e+307,20,20,0,0,688672946,0,1022,112,0,0,0,0,0,0,0.0,0,0,0,0,0
6040,merged,0,19,0,19,0.0,1,0,1,-11744,5.992310449541053e+307,0,5.992310449541053e+307,4,4,0,0,311072,1,214,213,0,0,0,0,0,0,0.0,0,0,0,0,0
5478,merged,0,8,0,8,0.0,3,0,3,9632414,9676905,0,5.992310449541053e+307,12,12,0,0,4222819361,0,54,55,0,0,1,1,0,0,0.0,0,0,0,0,0
